Category,Sub-Category,amount,profit,quantity,lines,orders,loss_lines,profit_per_order,profit_per_line,margin_pct,amount_per_order,avg_qty_per_line,unit_price,profit_per_unit,loss_line_share_pct,share_of_cat_sales_pct,share_of_cat_profit_pct
Clothing,Trousers,30039,2847,135,39,37,15,76.9459,73.0000,9.4777,811.8649,3.4615,222.5111,21.0889,38.4615,21.6024,25.5039
Clothing,Stole,18546,2559,671,192,157,52,16.2994,13.3281,13.7981,118.1274,3.4948,27.6393,3.8137,27.0833,13.3373,22.9239
Clothing,Hankerchief,14608,2098,754,198,138,42,15.2029,10.5960,14.3620,105.8551,3.8081,19.3740,2.7825,21.2121,10.5053,18.7942
Clothing,T-shirt,7382,1500,305,77,70,12,21.4286,19.4805,20.3197,105.4571,3.9610,24.2033,4.9180,15.5844,5.3087,13.4372
Clothing,Shirt,7555,1131,271,69,66,12,17.1364,16.3913,14.9702,114.4697,3.9275,27.8782,4.1734,17.3913,5.4331,10.1317
Clothing,Saree,53511,352,782,210,156,98,2.2564,1.6762,0.6578,343.0192,3.7238,68.4284,0.4501,46.6667,38.4822,3.1533
Clothing,Leggings,2106,260,186,53,49,16,5.3061,4.9057,12.3457,42.9796,3.5094,11.3226,1.3978,30.1887,1.5145,2.3291
Clothing,Skirt,1946,235,248,64,56,18,4.1964,3.6719,12.0761,34.7500,3.8750,7.8468,0.9476,28.1250,1.3995,2.1052
Clothing,Kurti,3361,181,164,47,41,14,4.4146,3.8511,5.3853,81.9756,3.4894,20.4939,1.1037,29.7872,2.4170,1.6214
Electronics,Printers,58252,5964,291,74,67,25,89.0149,80.5946,10.2383,869.4328,3.9324,200.1787,20.4948,33.7838,35.2472,56.8325
Electronics,Accessories,21728,3559,262,72,65,16,54.7538,49.4306,16.3798,334.2769,3.6389,82.9313,13.5840,22.2222,13.1472,33.9146
Electronics,Phones,46119,2207,304,83,71,41,31.0845,26.5904,4.7854,649.5634,3.6627,151.7072,7.2599,49.3976,27.9058,21.0311
Electronics,Electronic Games,39168,-1236,297,79,73,40,-16.9315,-15.6456,-3.1556,536.5479,3.7595,131.8788,-4.1616,50.6329,23.6998,-11.7782
Furniture,Bookcases,56861,4888,297,79,72,22,67.8889,61.8734,8.5964,789.7361,3.7595,191.4512,16.4579,27.8481,44.7087,212.7067
Furniture,Furnishings,13484,844,310,73,66,30,12.7879,11.5616,6.2593,204.3030,4.2466,43.4968,2.7226,41.0959,10.6022,36.7276
Furniture,Chairs,34222,577,277,74,64,39,9.0156,7.7973,1.6860,534.7188,3.7432,123.5451,2.0830,52.7027,26.9081,25.1088
Furniture,Tables,22614,-4011,61,17,16,11,-250.6875,-235.9412,-17.7368,1413.3750,3.5882,370.7213,-65.7541,64.7059,17.7810,-174.5431
