Month,Category,amount,profit,orders,margin_pct
2018-04-01,Clothing,13478,-184,33,-1.3652
2018-04-01,Electronics,11127,-351,15,-3.1545
2018-04-01,Furniture,8121,-3425,15,-42.1746
2018-05-01,Clothing,9518,-267,25,-2.8052
2018-05-01,Electronics,12807,-2523,14,-19.7002
2018-05-01,Furniture,6220,-794,12,-12.7653
2018-06-01,Clothing,8782,-2036,24,-23.1838
2018-06-01,Electronics,9344,-2078,16,-22.2389
2018-06-01,Furniture,5532,-856,12,-15.4736
2018-07-01,Clothing,2981,-48,21,-1.6102
2018-07-01,Electronics,6502,-1633,10,-25.1153
2018-07-01,Furniture,3483,-457,11,-13.1209
2018-08-01,Clothing,11822,-1075,24,-9.0932
2018-08-01,Electronics,9539,-1548,14,-16.2281
2018-08-01,Furniture,9538,443,13,4.6446
2018-09-01,Clothing,10717,-1585,21,-14.7896
2018-09-01,Electronics,7207,-910,12,-12.6266
2018-09-01,Furniture,8704,-2468,10,-28.3548
2018-10-01,Clothing,11488,2148,31,18.6978
2018-10-01,Electronics,13361,2261,16,16.9224
2018-10-01,Furniture,6766,-1316,13,-19.4502
2018-11-01,Clothing,16270,3736,40,22.9625
2018-11-01,Electronics,16651,3938,18,23.6502
2018-11-01,Furniture,15165,3945,18,26.0138
2018-12-01,Clothing,9545,1901,34,19.9162
2018-12-01,Electronics,18560,3196,16,17.2198
2018-12-01,Furniture,9474,187,14,1.9738
2019-01-01,Clothing,13466,1691,44,12.5576
2019-01-01,Electronics,26716,4785,28,17.9106
2019-01-01,Furniture,21257,3284,32,15.4490
2019-02-01,Clothing,9569,1822,42,19.0407
2019-02-01,Electronics,12593,1927,19,15.3022
2019-02-01,Furniture,16262,2168,21,13.3317
2019-03-01,Clothing,21418,5060,54,23.6250
2019-03-01,Electronics,20860,3430,26,16.4430
2019-03-01,Furniture,16659,1587,15,9.5264
