Month,Target,mom_abs,mom_pct,mom_z,flag_relative,flag_material
2018-04-01,10400.0000,,,,False,False
2018-05-01,10500.0000,100.0000,0.9615,-0.4628,False,False
2018-06-01,10600.0000,100.0000,0.9524,-0.4846,False,False
2018-07-01,10800.0000,200.0000,1.8868,1.7445,True,False
2018-08-01,10900.0000,100.0000,0.9259,-0.5477,False,False
2018-09-01,11000.0000,100.0000,0.9174,-0.5680,False,False
2018-10-01,11100.0000,100.0000,0.9091,-0.5879,False,False
2018-11-01,11300.0000,200.0000,1.8018,1.5417,True,False
2018-12-01,11400.0000,100.0000,0.8850,-0.6455,False,False
2019-01-01,11500.0000,100.0000,0.8772,-0.6640,False,False
2019-02-01,11600.0000,100.0000,0.8696,-0.6822,False,False
2019-03-01,11800.0000,200.0000,1.7241,1.3564,False,False
