Month,Target,Actual,Profit,Orders,gap,attainment_pct,actual_mom_pct,actual_flag_relative,margin_pct,season_share_pct,Rephased,rephased_gap,rephased_attainment_pct
2018-04-01,10400.0000,8121,-3425,15,-2279.0000,78.0865,,False,-42.1746,7.5842,10079.4096,-1958.4096,80.5702
2018-05-01,10500.0000,6220,-794,12,-4280.0000,59.2381,-23.4084,False,-12.7653,6.6153,8791.6869,-2571.6869,70.7487
2018-06-01,10600.0000,5532,-856,12,-5068.0000,52.1887,-11.0611,False,-15.4736,5.4827,7286.5206,-1754.5206,75.9210
2018-07-01,10800.0000,3483,-457,11,-7317.0000,32.2500,-37.0390,False,-13.1209,3.0049,3993.4494,-510.4494,87.2178
2018-08-01,10900.0000,9538,443,13,-1362.0000,87.5046,173.8444,True,4.6446,7.1608,9516.7047,21.2953,100.2238
2018-09-01,11000.0000,8704,-2468,10,-2296.0000,79.1273,-8.7440,False,-28.3548,6.1710,8201.2626,502.7374,106.1300
2018-10-01,11100.0000,6766,-1316,13,-4334.0000,60.9550,-22.2656,False,-19.4502,7.3267,9737.2283,-2971.2283,69.4859
2018-11-01,11300.0000,15165,3945,18,3865.0000,134.2035,124.1354,False,26.0138,11.1439,14810.1965,354.8035,102.3957
2018-12-01,11400.0000,9474,187,14,-1926.0000,83.1053,-37.5272,False,1.9738,8.7089,11574.1042,-2100.1042,81.8551
2019-01-01,11500.0000,21257,3284,32,9757.0000,184.8435,124.3720,False,15.4490,14.2384,18922.8395,2334.1605,112.3351
2019-02-01,11600.0000,16262,2168,21,4662.0000,140.1897,-23.4981,False,13.3317,8.9047,11834.3591,4427.6409,137.4134
2019-03-01,11800.0000,16659,1587,15,4859.0000,141.1780,2.4413,False,9.5264,13.6586,18152.2387,-1493.2387,91.7738
