State,sales,profit,lines,loss_lines,orders,profit_per_order,profit_per_line,sales_per_order,margin_pct,loss_line_share_pct,sales_share_pct,profit_share_pct,share_gap_pp,order_rank
Madhya Pradesh,105140,5551,340,122,101,54.9604,16.3265,1040.9901,5.2796,35.8824,24.3661,23.1726,-1.1934,1
Maharashtra,95348,6176,290,109,90,68.6222,21.2966,1059.4222,6.4773,37.5862,22.0968,25.7817,3.6849,2
Rajasthan,21149,1257,74,15,32,39.2812,16.9865,660.9062,5.9435,20.2703,4.9013,5.2473,0.3461,3
Gujarat,21058,465,87,27,27,17.2222,5.3448,779.9259,2.2082,31.0345,4.8802,1.9411,-2.9390,4
Punjab,16786,-609,60,21,25,-24.3600,-10.1500,671.4400,-3.6280,35.0000,3.8901,-2.5423,-6.4324,5
Delhi,22531,2987,74,10,22,135.7727,40.3649,1024.1364,13.2573,13.5135,5.2215,12.4692,7.2477,6
Uttar Pradesh,22359,3237,68,20,22,147.1364,47.6029,1016.3182,14.4774,29.4118,5.1817,13.5128,8.3312,7
West Bengal,14086,2500,63,13,22,113.6364,39.6825,640.2727,17.7481,20.6349,3.2644,10.4362,7.1718,8
Karnataka,15058,645,54,19,21,30.7143,11.9444,717.0476,4.2834,35.1852,3.4897,2.6925,-0.7971,9
Kerala,13459,1871,45,23,16,116.9375,41.5778,841.1875,13.9015,51.1111,3.1191,7.8105,4.6914,10
Bihar,12943,-321,62,24,16,-20.0625,-5.1774,808.9375,-2.4801,38.7097,2.9995,-1.3400,-4.3395,11
Andhra Pradesh,13256,-496,42,11,15,-33.0667,-11.8095,883.7333,-3.7417,26.1905,3.0721,-2.0705,-5.1426,12
Nagaland,11903,148,45,15,15,9.8667,3.2889,793.5333,1.2434,33.3333,2.7585,0.6178,-2.1407,13
Jammu and Kashmir,10829,8,49,22,14,0.5714,0.1633,773.5000,0.0739,44.8980,2.5096,0.0334,-2.4762,14
Haryana,8863,1325,26,9,14,94.6429,50.9615,633.0714,14.9498,34.6154,2.0540,5.5312,3.4772,15
Himachal Pradesh,8666,656,29,7,14,46.8571,22.6207,619.0000,7.5698,24.1379,2.0083,2.7385,0.7301,16
Goa,6705,370,43,20,14,26.4286,8.6047,478.9286,5.5183,46.5116,1.5539,1.5446,-0.0093,17
Sikkim,5276,401,24,6,12,33.4167,16.7083,439.6667,7.6005,25.0000,1.2227,1.6740,0.4513,18
Tamil Nadu,6087,-2216,25,10,8,-277.0000,-88.6400,760.8750,-36.4055,40.0000,1.4107,-9.2507,-10.6613,19
