State,City,sales,profit,lines,loss_lines,orders,profit_per_order,profit_per_line,sales_per_order,margin_pct,loss_line_share_pct,share_of_state_sales_pct,share_of_state_profit_pct,share_of_state_orders_pct,sales_share_pct,profit_share_pct
Andhra Pradesh,Hyderabad,13256,-496,42,11,15,-33.0667,-11.8095,883.7333,-3.7417,26.1905,100.0000,100.0000,100.0000,3.0721,-2.0705
Bihar,Patna,12943,-321,62,24,16,-20.0625,-5.1774,808.9375,-2.4801,38.7097,100.0000,100.0000,100.0000,2.9995,-1.3400
Delhi,Delhi,22531,2987,74,10,22,135.7727,40.3649,1024.1364,13.2573,13.5135,100.0000,100.0000,100.0000,5.2215,12.4692
Goa,Goa,6705,370,43,20,14,26.4286,8.6047,478.9286,5.5183,46.5116,100.0000,100.0000,100.0000,1.5539,1.5446
Gujarat,Ahmedabad,14230,-880,62,25,17,-51.7647,-14.1935,837.0588,-6.1841,40.3226,67.5753,-189.2473,62.9630,3.2978,-3.6736
Gujarat,Surat,6828,1345,25,2,10,134.5000,53.8000,682.8000,19.6983,8.0000,32.4247,289.2473,37.0370,1.5824,5.6147
Haryana,Chandigarh,8863,1325,26,9,14,94.6429,50.9615,633.0714,14.9498,34.6154,100.0000,100.0000,100.0000,2.0540,5.5312
Himachal Pradesh,Simla,8666,656,29,7,14,46.8571,22.6207,619.0000,7.5698,24.1379,100.0000,100.0000,100.0000,2.0083,2.7385
Jammu and Kashmir,Kashmir,10829,8,49,22,14,0.5714,0.1633,773.5000,0.0739,44.8980,100.0000,100.0000,100.0000,2.5096,0.0334
Karnataka,Bangalore,15058,645,54,19,21,30.7143,11.9444,717.0476,4.2834,35.1852,100.0000,100.0000,100.0000,3.4897,2.6925
Kerala,Thiruvananthapuram,13459,1871,45,23,16,116.9375,41.5778,841.1875,13.9015,51.1111,100.0000,100.0000,100.0000,3.1191,7.8105
Madhya Pradesh,Indore,79069,4159,267,96,76,54.7237,15.5768,1040.3816,5.2600,35.9551,75.2035,74.9234,75.2475,18.3241,17.3617
Madhya Pradesh,Bhopal,23583,871,66,26,22,39.5909,13.1970,1071.9545,3.6933,39.3939,22.4301,15.6909,21.7822,5.4653,3.6360
Madhya Pradesh,Delhi,2488,521,7,0,3,173.6667,74.4286,829.3333,20.9405,0.0000,2.3664,9.3857,2.9703,0.5766,2.1749
Maharashtra,Mumbai,61867,1637,207,85,68,24.0735,7.9082,909.8088,2.6460,41.0628,64.8855,26.5058,75.5556,14.3376,6.8336
Maharashtra,Pune,33481,4539,83,24,22,206.3182,54.6867,1521.8636,13.5569,28.9157,35.1145,73.4942,24.4444,7.7592,18.9480
Nagaland,Kohima,11903,148,45,15,15,9.8667,3.2889,793.5333,1.2434,33.3333,100.0000,100.0000,100.0000,2.7585,0.6178
Punjab,Chandigarh,12279,-1153,45,19,16,-72.0625,-25.6222,767.4375,-9.3900,42.2222,73.1502,189.3268,64.0000,2.8456,-4.8132
Punjab,Amritsar,4507,544,15,2,9,60.4444,36.2667,500.7778,12.0701,13.3333,26.8498,-89.3268,36.0000,1.0445,2.2709
Rajasthan,Udaipur,11073,2010,30,3,13,154.6154,67.0000,851.7692,18.1523,10.0000,52.3571,159.9045,40.6250,2.5662,8.3907
Rajasthan,Jaipur,10076,-753,44,12,19,-39.6316,-17.1136,530.3158,-7.4732,27.2727,47.6429,-59.9045,59.3750,2.3351,-3.1434
Sikkim,Gangtok,5276,401,24,6,12,33.4167,16.7083,439.6667,7.6005,25.0000,100.0000,100.0000,100.0000,1.2227,1.6740
Tamil Nadu,Chennai,6087,-2216,25,10,8,-277.0000,-88.6400,760.8750,-36.4055,40.0000,100.0000,100.0000,100.0000,1.4107,-9.2507
Uttar Pradesh,Allahabad,16857,3081,30,1,9,342.3333,102.7000,1873.0000,18.2773,3.3333,75.3925,95.1807,40.9091,3.9066,12.8616
Uttar Pradesh,Lucknow,5502,156,38,19,13,12.0000,4.1053,423.2308,2.8353,50.0000,24.6075,4.8193,59.0909,1.2751,0.6512
West Bengal,Kolkata,14086,2500,63,13,22,113.6364,39.6825,640.2727,17.7481,20.6349,100.0000,100.0000,100.0000,3.2644,10.4362
